DELETE FROM JPA_MY_DATES;
DELETE FROM JPA_BOOK;
DELETE FROM JPA_AUTHOR;
DELETE FROM JPA_COLOR;

INSERT INTO JPA_AUTHOR (ID, NAME) VALUES (1, 'Friedrich Nietzsche');
INSERT INTO JPA_AUTHOR (ID, NAME) VALUES (2, 'Martin Fowler');
INSERT INTO JPA_AUTHOR (ID, NAME) VALUES (3, 'Carlos Drummond de Andrade');
INSERT INTO JPA_AUTHOR (ID, NAME) VALUES (4, 'Franz Kafka');
INSERT INTO JPA_AUTHOR (ID, NAME) VALUES (5, 'Albert Camus');


INSERT INTO JPA_BOOK(ID, ISBN, NAME, AUTHOR_ID) VALUES (1001, '978-1503250888', 'Beyond Good and Evil', 1);
INSERT INTO JPA_BOOK(ID, ISBN, NAME, AUTHOR_ID) VALUES (1002, '978-0201895421', 'Analysis Patterns: Reusable Object Models', 2);
INSERT INTO JPA_BOOK(ID, ISBN, NAME, AUTHOR_ID) VALUES (1003, '007-6092019909', 'Patterns of Enterprise Application Architecture', 2);
INSERT INTO JPA_BOOK(ID, ISBN, NAME, AUTHOR_ID) VALUES (1004, '978-0321826626', 'NoSQL Distilled: A Brief Guide to the Emerging World of Polyglot Persistence', 2);
INSERT INTO JPA_BOOK(ID, ISBN, NAME, AUTHOR_ID) VALUES (1005, '978-0321712943', 'Domain-Specific Languages (Addison-Wesley Signature Series', 2);
INSERT INTO JPA_BOOK(ID, ISBN, NAME, AUTHOR_ID) VALUES (1006, '978-0321984135', 'Refactoring: Ruby Edition: Ruby Edition', 2);
INSERT INTO JPA_BOOK(ID, ISBN, NAME, AUTHOR_ID) VALUES (1007, '9788535920598',  'Claro Enigma', 3);
INSERT INTO JPA_BOOK(ID, ISBN, NAME, AUTHOR_ID) VALUES (1008, '9788535921182',  'Sentimento do Mundo', 3);
INSERT INTO JPA_BOOK(ID, ISBN, NAME, AUTHOR_ID) VALUES (1009, '9788535926019',  'A Lição do Amigo', 3);
INSERT INTO JPA_BOOK(ID, ISBN, NAME, AUTHOR_ID) VALUES (1010, '9788535922837',  'Alguma Poesia', 3);
INSERT INTO JPA_BOOK(ID, ISBN, NAME, AUTHOR_ID) VALUES (1011, '9788535921205',  'José', 3);
INSERT INTO JPA_BOOK(ID, ISBN, NAME, AUTHOR_ID) VALUES (1012, '978-1557427663', 'The Metamorphosis', 4);
INSERT INTO JPA_BOOK(ID, ISBN, NAME, AUTHOR_ID) VALUES (1013, '978-1612931036', 'The Trial', 4);
INSERT INTO JPA_BOOK(ID, ISBN, NAME, AUTHOR_ID) VALUES (1014, '978-0679720201', 'The Stranger', 5);
INSERT INTO JPA_BOOK(ID, ISBN, NAME, AUTHOR_ID) VALUES (1015, '978-0679733843', 'The Rebel: An Essay on Man in Revolt', 5);

INSERT INTO JPA_COLOR (ID, NAME, PRIORITY, CODE) VALUES (1, 'blue', 'HIGH', 100);
INSERT INTO JPA_COLOR (ID, NAME, PRIORITY, CODE) VALUES (2, 'blue', 'LOW', 100);
INSERT INTO JPA_COLOR (ID, NAME, PRIORITY, CODE) VALUES (3, 'blue', 'NORMAL', 100);
INSERT INTO JPA_COLOR (ID, NAME, PRIORITY, CODE) VALUES (4, 'black', 'NORMAL', 100);
INSERT INTO JPA_COLOR (ID, NAME, PRIORITY, CODE) VALUES (5, 'white', 'HIGH', 100);
INSERT INTO JPA_COLOR (ID, NAME, PRIORITY, CODE) VALUES (6, 'white', 'LOW', 100);
INSERT INTO JPA_COLOR (ID, NAME, PRIORITY, CODE) VALUES (7, 'white', 'HIGH', 101);
INSERT INTO JPA_COLOR (ID, NAME, PRIORITY, CODE) VALUES (8, 'blue', 'NORMAL', 101);
INSERT INTO JPA_COLOR (ID, NAME, PRIORITY, CODE) VALUES (9, 'blue', 'HIGH', 102);


INSERT INTO JPA_MY_DATES(ID, NAME) 
VALUES (1, 'First Case Default values' );

INSERT INTO JPA_MY_DATES(ID, NAME, DURATION_DAY, DURATION_YEAR, INIT, INIT_TS, INIT_TSZ, INIT_TSL ) 
VALUES (2, 'Literal values'
  ,INTERVAL '4 5:12:10.222' DAY TO SECOND
  ,INTERVAL '4-2' YEAR TO MONTH
  ,CURRENT_TIMESTAMP
  ,TIMESTAMP '1997-01-31 09:26:56'
  ,TIMESTAMP '1997-01-31 09:26:56.66 +02:00'
  ,SYSTIMESTAMP);
  