DELETE FROM BOOK;
DELETE FROM AUTHOR;
DELETE FROM MY_DATES;
DELETE FROM MY_TYPES;

INSERT INTO AUTHOR (ID, NAME) VALUES (1, 'Friedrich Nietzsche');
INSERT INTO AUTHOR (ID, NAME) VALUES (2, 'Martin Fowler');
INSERT INTO AUTHOR (ID, NAME) VALUES (3, 'Carlos Drummond de Andrade');
INSERT INTO AUTHOR (ID, NAME) VALUES (4, 'Franz Kafka');
INSERT INTO AUTHOR (ID, NAME) VALUES (5, 'Albert Camus');


INSERT INTO BOOK(ID, ISBN, NAME, AUTHOR_ID) VALUES (1001, '978-1503250888', 'Beyond Good and Evil', 1);
INSERT INTO BOOK(ID, ISBN, NAME, AUTHOR_ID) VALUES (1002, '978-0201895421', 'Analysis Patterns: Reusable Object Models', 2);
INSERT INTO BOOK(ID, ISBN, NAME, AUTHOR_ID) VALUES (1003, '007-6092019909', 'Patterns of Enterprise Application Architecture', 2);
INSERT INTO BOOK(ID, ISBN, NAME, AUTHOR_ID) VALUES (1004, '978-0321826626', 'NoSQL Distilled: A Brief Guide to the Emerging World of Polyglot Persistence', 2);
INSERT INTO BOOK(ID, ISBN, NAME, AUTHOR_ID) VALUES (1005, '978-0321712943', 'Domain-Specific Languages (Addison-Wesley Signature Series', 2);
INSERT INTO BOOK(ID, ISBN, NAME, AUTHOR_ID) VALUES (1006, '978-0321984135', 'Refactoring: Ruby Edition: Ruby Edition', 2);
INSERT INTO BOOK(ID, ISBN, NAME, AUTHOR_ID) VALUES (1007, '9788535920598',  'Claro Enigma', 3);
INSERT INTO BOOK(ID, ISBN, NAME, AUTHOR_ID) VALUES (1008, '9788535921182',  'Sentimento do Mundo', 3);
INSERT INTO BOOK(ID, ISBN, NAME, AUTHOR_ID) VALUES (1009, '9788535926019',  'A Lição do Amigo', 3);
INSERT INTO BOOK(ID, ISBN, NAME, AUTHOR_ID) VALUES (1010, '9788535922837',  'Alguma Poesia', 3);
INSERT INTO BOOK(ID, ISBN, NAME, AUTHOR_ID) VALUES (1011, '9788535921205',  'José', 3);
INSERT INTO BOOK(ID, ISBN, NAME, AUTHOR_ID) VALUES (1012, '978-1557427663', 'The Metamorphosis', 4);
INSERT INTO BOOK(ID, ISBN, NAME, AUTHOR_ID) VALUES (1013, '978-1612931036', 'The Trial', 4);
INSERT INTO BOOK(ID, ISBN, NAME, AUTHOR_ID) VALUES (1014, '978-0679720201', 'The Stranger', 5);
INSERT INTO BOOK(ID, ISBN, NAME, AUTHOR_ID) VALUES (1015, '978-0679733843', 'The Rebel: An Essay on Man in Revolt', 5);


INSERT INTO MY_DATES(ID, NAME) 
VALUES (1, 'First Case Default values' );

INSERT INTO MY_DATES(ID, NAME, DURATION_DAY, DURATION_YEAR, INIT, INIT_TS, INIT_TSZ, INIT_TSL ) 
VALUES (2, 'Literal values'
  ,INTERVAL '4 5:12:10.222' DAY TO SECOND
  ,INTERVAL '4-2' YEAR TO MONTH
  ,CURRENT_TIMESTAMP
  ,TIMESTAMP '1997-01-31 09:26:56'
  ,TIMESTAMP '1997-01-31 09:26:56.66 +02:00'
  ,SYSTIMESTAMP);
  
 INSERT INTO MY_TYPES
  (ID, MY_SMALLINT, MY_INTEGER, MY_BIGINT, MY_FLOAT,
   MY_DECIMAL, MY_VARCHAR, MY_CHAR, MY_BLOB, MY_CLOB, MY_DATE, 
   MY_TIMESTAMP)
 VALUES(1, 1, 2, 3.333, 4.444, 6.666, '7777', '8888', null, null, TO_DATE('2017-02-01','YYYY-MM-DD'), TO_DATE('2016-02-01 19:15:00','YYYY-MM-DD HH24:MI:SS') 
 );

 INSERT INTO MY_TYPES
  (ID, MY_SMALLINT, MY_INTEGER, MY_BIGINT, MY_FLOAT,
   MY_DECIMAL, MY_VARCHAR, MY_CHAR, MY_BLOB, MY_CLOB, MY_DATE, 
   MY_TIMESTAMP)
 VALUES(1000, 1001, 1002, 1003.00, 1.004, 1.005, '1006', '1007', null, null, TO_DATE('2016-02-01','YYYY-MM-DD'), TO_DATE('2016-02-01 13:00:00','YYYY-MM-DD HH24:MI:SS') 
 );

  INSERT INTO MY_TYPES
  (ID, MY_SMALLINT, MY_INTEGER, MY_BIGINT, MY_FLOAT,
   MY_DECIMAL, MY_VARCHAR, MY_CHAR, MY_BLOB, MY_CLOB, MY_DATE, 
   MY_TIMESTAMP)
 VALUES(2000, 2001, 2002, 2003.00, 2.004, 2.005, '2006', '2007', null, null, TO_DATE('2016-02-01','YYYY-MM-DD'), TO_DATE('2016-02-01 14:00:00','YYYY-MM-DD HH24:MI:SS') 
 );

INSERT INTO MY_TYPES
  (ID, MY_SMALLINT, MY_INTEGER, MY_BIGINT, MY_FLOAT,
   MY_DECIMAL, MY_VARCHAR, MY_CHAR, MY_BLOB, MY_CLOB, MY_DATE, 
   MY_TIMESTAMP)
 VALUES(3000, 3001, 3002, 3003.00, 3.004, 3.005, '3006', '3007', null, null, TO_DATE('2016-02-01','YYYY-MM-DD'), TO_DATE('2016-02-01 14:00:00','YYYY-MM-DD HH24:MI:SS') 
 );
  