DELETE FROM BOOK;
DELETE FROM AUTHOR;
DELETE FROM COLOR;

INSERT INTO AUTHOR (ID, NAME) VALUES (1, 'Friedrich Nietzsche');
INSERT INTO AUTHOR (ID, NAME) VALUES (2, 'Martin Fowler');
INSERT INTO AUTHOR (ID, NAME) VALUES (3, 'Carlos Drummond');
INSERT INTO AUTHOR (ID, NAME) VALUES (4, 'Franz Kafka');
INSERT INTO AUTHOR (ID, NAME) VALUES (5, 'Albert Camus');


INSERT INTO BOOK(ID, ISBN, NAME, AUTHOR_ID, IN_STOCK) VALUES (1001, '978-1503250888', 'Beyond Good and Evil', 1, 'Y');
INSERT INTO BOOK(ID, ISBN, NAME, AUTHOR_ID, IN_STOCK) VALUES (1002, '978-0201895421', 'Analysis Patterns: Reusable Object Models', 2, 'Y');
INSERT INTO BOOK(ID, ISBN, NAME, AUTHOR_ID, IN_STOCK) VALUES (1003, '007-6092019909', 'Patterns of Enterprise Application Architecture', 2, 'Y');
INSERT INTO BOOK(ID, ISBN, NAME, AUTHOR_ID, IN_STOCK) VALUES (1004, '978-0321826626', 'NoSQL Distilled: A Brief Guide to the Emerging World of Polyglot Persistence', 2, 'Y');
INSERT INTO BOOK(ID, ISBN, NAME, AUTHOR_ID, IN_STOCK) VALUES (1005, '978-0321712943', 'Domain-Specific Languages (Addison-Wesley Signature Series', 2, 'Y');
INSERT INTO BOOK(ID, ISBN, NAME, AUTHOR_ID, IN_STOCK) VALUES (1006, '978-0321984135', 'Refactoring: Ruby Edition: Ruby Edition', 2, 'Y');
INSERT INTO BOOK(ID, ISBN, NAME, AUTHOR_ID, IN_STOCK) VALUES (1007, '9788535920598',  'Claro Enigma', 3, 'Y');
INSERT INTO BOOK(ID, ISBN, NAME, AUTHOR_ID, IN_STOCK) VALUES (1008, '9788535921182',  'Sentimento do Mundo', 3, 'Y');
INSERT INTO BOOK(ID, ISBN, NAME, AUTHOR_ID, IN_STOCK) VALUES (1009, '9788535926019',  'A Lição do Amigo', 3, 'Y');
INSERT INTO BOOK(ID, ISBN, NAME, AUTHOR_ID, IN_STOCK) VALUES (1010, '9788535922837',  'Alguma Poesia', 3, 'Y');
INSERT INTO BOOK(ID, ISBN, NAME, AUTHOR_ID, IN_STOCK) VALUES (1011, '9788535921205',  'José', 3, 'N');
INSERT INTO BOOK(ID, ISBN, NAME, AUTHOR_ID, IN_STOCK) VALUES (1012, '978-1557427663', 'The Metamorphosis', 4, 'N');
INSERT INTO BOOK(ID, ISBN, NAME, AUTHOR_ID, IN_STOCK) VALUES (1013, '978-1612931036', 'The Trial', 4, 'N');
INSERT INTO BOOK(ID, ISBN, NAME, AUTHOR_ID, IN_STOCK) VALUES (1014, '978-0679720201', 'The Stranger', 5, 'Y');
INSERT INTO BOOK(ID, ISBN, NAME, AUTHOR_ID, IN_STOCK) VALUES (1015, '978-0679733843', 'The Rebel: An Essay on Man in Revolt', 5, 'Y');

INSERT INTO COLOR (NAME, PRIORITY, CODE) VALUES ('blue', 'HIGH', 100);
INSERT INTO COLOR (NAME, PRIORITY, CODE) VALUES ('blue', 'LOW', 100);
INSERT INTO COLOR (NAME, PRIORITY, CODE) VALUES ('blue', 'NORMAL', 100);
INSERT INTO COLOR (NAME, PRIORITY, CODE) VALUES ('black', 'NORMAL', 100);
INSERT INTO COLOR (NAME, PRIORITY, CODE) VALUES ('white', 'HIGH', 100);
INSERT INTO COLOR (NAME, PRIORITY, CODE) VALUES ('white', 'LOW', 100);
INSERT INTO COLOR (NAME, PRIORITY, CODE) VALUES ('white', 'HIGH', 101);
INSERT INTO COLOR (NAME, PRIORITY, CODE) VALUES ('blue', 'NORMAL', 101);
INSERT INTO COLOR (NAME, PRIORITY, CODE) VALUES ('blue', 'HIGH', 102);


INSERT INTO ITEMS (ID, NAME, CODE, PRICE) VALUES (1, 'A', 1010, 100.00);
INSERT INTO ITEMS (ID, NAME, CODE, PRICE) VALUES (2, 'B', 1009, 110.00);
INSERT INTO ITEMS (ID, NAME, CODE, PRICE) VALUES (3, 'C', 1008, 120.00);
INSERT INTO ITEMS (ID, NAME, CODE, PRICE) VALUES (4, 'D', 1007, 130.00);
INSERT INTO ITEMS (ID, NAME, CODE, PRICE) VALUES (5, 'E', 1006, 140.00);
INSERT INTO ITEMS (ID, NAME, CODE, PRICE) VALUES (6, 'F', 1005, 150.00);
INSERT INTO ITEMS (ID, NAME, CODE, PRICE) VALUES (7, 'G', 1004, 160.00);
INSERT INTO ITEMS (ID, NAME, CODE, PRICE) VALUES (8, 'H', 1003, 170.00);
INSERT INTO ITEMS (ID, NAME, CODE, PRICE) VALUES (9, 'I', 1002, 190.00);
INSERT INTO ITEMS (ID, NAME, CODE, PRICE) VALUES (10, 'J', 1001, 200.00);


INSERT INTO MY_TYPES
  (ID, MY_SMALLINT, MY_INTEGER, MY_BIGINT, MY_FLOAT,
   MY_DECIMAL, MY_VARCHAR, MY_CHAR, MY_BLOB, MY_CLOB, MY_DATE, 
   MY_TIME, MY_TIMESTAMP, MY_BOOL_CHAR, MY_BOOL_CHAR_OVERRIDE, MY_DATE_INT, TIME_UNIT_1, TIME_UNIT_2)
 VALUES(1, 1, 2, 3.333, 4.444, 6.666, '7777', '8888', null, null, '2017-02-01', '19:15:00', '2016-02-01 19:15:00', 'S', 'NO', 20190131, 'MINUTES', 5);

 INSERT INTO MY_TYPES
  (ID, MY_SMALLINT, MY_INTEGER, MY_BIGINT, MY_FLOAT,
   MY_DECIMAL, MY_VARCHAR, MY_CHAR, MY_BLOB, MY_CLOB, MY_DATE, 
   MY_TIME, MY_TIMESTAMP, MY_BOOL_CHAR, MY_BOOL_CHAR_OVERRIDE, MY_DATE_INT, TIME_UNIT_1, TIME_UNIT_2)
 VALUES(1000, 1001, 1002, 1003.00, 1.004, 1.005, '1006', '1007', null, null, '2016-02-01', '13:00:00', '2016-02-01 13:00:00', 'S', 'YES', 20190228, 'HOURS', 4);

  INSERT INTO MY_TYPES
  (ID, MY_SMALLINT, MY_INTEGER, MY_BIGINT, MY_FLOAT,
   MY_DECIMAL, MY_VARCHAR, MY_CHAR, MY_BLOB, MY_CLOB, MY_DATE, 
   MY_TIME, MY_TIMESTAMP, MY_BOOL_CHAR, MY_BOOL_CHAR_OVERRIDE, MY_DATE_INT, TIME_UNIT_1, TIME_UNIT_2)
 VALUES(2000, 2001, 2002, 2003.00, 2.004, 2.005, '2006', '2007', null, null, '2016-02-01', '14:00:00', '2016-02-01 14:00:00', 'N', 'NO', 20191019, 'MINUTES', 4);

INSERT INTO MY_TYPES
  (ID, MY_SMALLINT, MY_INTEGER, MY_BIGINT, MY_FLOAT,
   MY_DECIMAL, MY_VARCHAR, MY_CHAR, MY_BLOB, MY_CLOB, MY_DATE, 
   MY_TIME, MY_TIMESTAMP, MY_BOOL_CHAR, MY_BOOL_CHAR_OVERRIDE, MY_DATE_INT, TIME_UNIT_1, TIME_UNIT_2)
 VALUES(3000, 3001, 3002, 3003.00, 3.004, 3.005, '3006', '3007', null, null, '2016-02-01', '14:00:00', '2016-02-01 14:00:00', 'N', 'YES', 20191020, 'HOURS', 5);

 
INSERT INTO MY_TYPES (ID) VALUES(2);



INSERT INTO ACCOUNT (NAME, BALANCE) VALUES ('John Lennon', 1000);
INSERT INTO ACCOUNT (NAME, BALANCE) VALUES ('Paul McCartney', 1000);
INSERT INTO ACCOUNT (NAME, BALANCE) VALUES ('Ringo Starr', 1000);
INSERT INTO ACCOUNT (NAME, BALANCE) VALUES ('George Harrison', 1000);


